{
  "times": [
    0.0,
    1.0,
    2.0,
    3.0,
    4.0,
    5.0,
    6.0,
    7.0,
    8.0,
    9.0,
    10.0,
    11.0,
    12.0,
    13.0,
    14.0,
    15.0,
    16.0,
    17.0
  ],
  "pos_x": [
    1.511958474344833,
    1.504820444792887,
    1.5025484445914759,
    1.5013014885068683,
    1.5006143320354257,
    1.5006014208707195,
    1.5005885932030585,
    1.500575860979762,
    1.5005632319938063,
    1.5005507111641148,
    1.500538301494092,
    1.5005260046488595,
    1.5005138214189948,
    1.5005017519720238,
    1.4985049583295396,
    1.4985192430892,
    1.4985333929179498,
    1.4985474046488239
  ],
  "pos_y": [
    0.0031687024534969724,
    0.004063765945679386,
    0.002359827473646244,
    0.0014246289904850868,
    -0.0009984668899313996,
    0.0010013329676551894,
    -0.000998823688298765,
    0.0010010460557634535,
    -0.0009990547654397872,
    0.00100085972425274,
    -0.0009992053250532055,
    0.0010007378844740036,
    -0.0009993042036540165,
    0.0010006574773482612,
    1.324622885438137e-06,
    -2.2646184888966848e-06,
    1.258135263049534e-06,
    -2.2556190446012224e-06
  ],
  "target_true_x": [
    -2.199999570312514,
    -2.1191919783916346,
    -1.90371267157046,
    -1.5707638584043004,
    -1.1408420960491226,
    -0.6373567295638276,
    -0.09247466576630312,
    0.4582431345480778,
    0.9825041882217606,
    1.4306172124556031,
    1.794082279817213,
    2.053818976233874,
    2.184742089239873,
    2.1800842599476282,
    2.0371693439253264,
    1.761772176798646,
    1.3767294664352085,
    0.881758178576342
  ],
  "target_true_y": [
    -0.0013749999104812297,
    -0.590783681833334,
    -1.1026686102823744,
    -1.5403573939611663,
    -1.88108461050593,
    -2.1056534376007137,
    -2.198055603525855,
    -2.151746553300261,
    -1.968422088914545,
    -1.6713271347721728,
    -1.273290529787241,
    -0.7885604687413921,
    -0.2586542160951515,
    0.295351687871601,
    0.8306269103339085,
    1.3176337871571755,
    1.7159883380282708,
    2.015565060848628
  ],
  "est_x": [
    NaN,
    NaN,
    NaN,
    NaN,
    NaN,
    NaN,
    NaN,
    NaN,
    NaN,
    NaN,
    NaN,
    NaN,
    NaN,
    NaN,
    NaN,
    NaN,
    NaN,
    NaN
  ],
  "est_y": [
    NaN,
    NaN,
    NaN,
    NaN,
    NaN,
    NaN,
    NaN,
    NaN,
    NaN,
    NaN,
    NaN,
    NaN,
    NaN,
    NaN,
    NaN,
    NaN,
    NaN,
    NaN
  ],
  "uncertainty": [
    1.0,
    1.0,
    1.0,
    1.0,
    1.0,
    1.0,
    1.0,
    1.0,
    1.0,
    1.0,
    1.0,
    1.0,
    1.0,
    1.0,
    1.0,
    1.0,
    1.0,
    1.0
  ],
  "detections": [
    0,
    0,
    0,
    0,
    0,
    0,
    0,
    0,
    0,
    0,
    0,
    0,
    0,
    0,
    0,
    0,
    0,
    0
  ],
  "frontier_x": [
    1.2000000000000006,
    1.2000000000000006,
    1.2000000000000006,
    1.2000000000000006,
    1.2000000000000006,
    1.2000000000000006,
    1.2000000000000006,
    1.2000000000000006,
    1.2000000000000006,
    1.2000000000000006,
    1.2000000000000006,
    1.2000000000000006,
    1.2000000000000006,
    1.2000000000000006,
    1.2000000000000006,
    1.2000000000000006,
    1.2000000000000006,
    1.2000000000000006
  ],
  "frontier_y": [
    0.40000000000000036,
    0.40000000000000036,
    0.40000000000000036,
    0.40000000000000036,
    -0.3999999999999999,
    0.40000000000000036,
    -0.3999999999999999,
    0.40000000000000036,
    -0.3999999999999999,
    0.40000000000000036,
    -0.3999999999999999,
    0.40000000000000036,
    -0.3999999999999999,
    0.40000000000000036,
    -0.3999999999999999,
    -0.3999999999999999,
    0.40000000000000036,
    -0.3999999999999999
  ],
  "msgs_sent": 177,
  "msgs_received": 177,
  "target_found_time": null
}