{
  "times": [
    0.0,
    1.0,
    2.0,
    3.0,
    4.0,
    5.0,
    6.0,
    7.0,
    8.0,
    9.0,
    10.0,
    11.0,
    12.0,
    13.0,
    14.0,
    15.0,
    16.0,
    17.0,
    18.0,
    19.0,
    20.0,
    21.0,
    22.0,
    23.0,
    24.0,
    25.0,
    26.0,
    27.0,
    28.0,
    29.0,
    30.0,
    31.0,
    32.0,
    33.0,
    34.0,
    35.0,
    36.0,
    37.0,
    38.0,
    39.0
  ],
  "pos_x": [
    1.5114810002721497,
    1.2114810655880688,
    0.9114811309039879,
    0.647223447551939,
    0.6259192784545092,
    0.5542567789877508,
    0.35855838080952634,
    0.08697820195575368,
    -0.2111689521394961,
    -0.49537014584997896,
    -0.7695453950353389,
    -1.043720644220695,
    -1.3178958934060447,
    -1.4162571852457855,
    -1.3824371806869944,
    -1.3486171761282033,
    -1.2962599433708935,
    -1.0505859022577493,
    -0.8049118611446263,
    -0.5592378200315088,
    -0.3108961864951501,
    -0.01597428526065205,
    0.27894761597384665,
    0.5738695172083428,
    0.8687914184428489,
    1.0428051534445528,
    1.2121081806709653,
    1.3814112078973597,
    1.5507142351237544,
    1.5270214789878591,
    1.4714750498698383,
    1.4159286207518176,
    1.360382191633771,
    1.1598831608713787,
    0.9121343870315382,
    0.6643856131916805,
    0.41663683935182294,
    0.13829525716213129,
    -0.1565193756774709,
    -0.45133400851707495
  ],
  "pos_y": [
    0.002185175152040694,
    0.001987211641807235,
    0.0017892481315737341,
    0.001480078097122403,
    0.10999063619470405,
    0.3191313146104275,
    0.5433178092391976,
    0.6655093017952723,
    0.6723176280841997,
    0.5794278547148358,
    0.45765785539584336,
    0.33588785607685806,
    0.21411785675787695,
    -0.00830009672538377,
    -0.30638767998178523,
    -0.6044752632381895,
    -0.8915455043273266,
    -1.0637206056722779,
    -1.2358957070172292,
    -1.4080708083621805,
    -1.5679425265034892,
    -1.5129782456273597,
    -1.4580139647512445,
    -1.4030496838751296,
    -1.348085402999013,
    -1.1076495310744898,
    -0.8599874932649485,
    -0.6123254554553956,
    -0.36466341764584276,
    -0.07653029852093851,
    0.21828251363659756,
    0.513095325794132,
    0.8079081379516664,
    1.0079699124153023,
    1.177145989509118,
    1.3463220666029185,
    1.515498143696719,
    1.5386108734471924,
    1.4830741084743357,
    1.427537343501479
  ],
  "target_true_x": [
    -2.2,
    -2.1343021149397985,
    -1.9815813158354971,
    -1.7472151553659017,
    -1.4322338081233894,
    -1.0538601778908379,
    -0.6386726383929154,
    -0.20221608958900822,
    0.25343417696375614,
    0.6929937759884963,
    1.099961699574604,
    1.4709268045487973,
    1.7755939968713985,
    2.00567285903219,
    2.1480051447290065,
    2.19976173404102,
    2.16003143503278,
    2.027696075031578,
    1.815387545925376,
    1.5263785345026224,
    1.1730592632820904,
    0.7696246586307024,
    0.33667755802585286,
    -0.11019810963022932,
    -0.5511837716005503,
    -0.968271331387363,
    -1.353390378790761,
    -1.6763502147990803,
    -1.9345601378844437,
    -2.1077049078749432,
    -2.1923926134512413,
    -2.1825070090255503,
    -2.0795477194666736,
    -1.8884395660888396,
    -1.6135496814911294,
    -1.2708475700583215,
    -0.881189055873596,
    -0.45507518386360163,
    -0.007384580871995271,
    0.4352253392922381
  ],
  "target_true_y": [
    2.6942229581241775e-16,
    -0.5336239145348566,
    -0.9556858734603438,
    -1.3368766588057812,
    -1.6699420106304217,
    -1.9311599430021047,
    -2.105254678410247,
    -2.1906867994104795,
    -2.1853537740939575,
    -2.0880037419605375,
    -1.9052780005733938,
    -1.6359628160993955,
    -1.2989480198507761,
    -0.9040333968065791,
    -0.4754722896423321,
    -0.03237766898410842,
    0.4174496372860213,
    0.8534920194714968,
    1.2427260591534408,
    1.584351150916244,
    1.8611641423657614,
    2.06098954020334,
    2.1740856059322384,
    2.197238352258108,
    2.1298348409968773,
    1.9754621304427338,
    1.7344550967368977,
    1.4247280292543831,
    1.0476053994269614,
    0.630539468487008,
    0.18279668619654318,
    -0.27688112170089746,
    -0.7179702517938734,
    -1.1286257152972354,
    -1.4954789952921022,
    -1.7958135910157438,
    -2.0158139417636245,
    -2.1524187736199267,
    -2.1999876063208506,
    -2.1565200912669367
  ],
  "est_x": [
    NaN,
    -1.2909034007694822,
    -1.1051198842105034,
    -1.1832222067782439,
    -0.9192898550957076,
    -0.8623085873441565,
    -0.3920866272495399,
    -0.2897332532617058,
    0.19026738252623834,
    0.6409867103025072,
    1.0395914825927004,
    1.211902273516561,
    1.419012099641302,
    1.428221963683045,
    1.3953520477035115,
    1.3987285620247865,
    1.3692829312881787,
    1.426777230731158,
    0.892320915695999,
    0.571898383734924,
    0.37339000244721693,
    0.04608696177458612,
    -0.22768897049098283,
    -0.5477579411628855,
    -0.8877657503251039,
    -1.0127355168861103,
    -1.216970018926185,
    -1.4217325210235177,
    -1.6123587327337567,
    -1.6036280174052098,
    -1.398451089334156,
    -1.3959680034182562,
    -1.3993157953434157,
    -1.169067467693243,
    -0.8270838574670648,
    -0.6056718055473853,
    -0.4877388745119386,
    -0.14279965174107695,
    0.22456751591618784,
    0.44789209635721106
  ],
  "est_y": [
    NaN,
    0.0008646462278895598,
    -0.63948455528715,
    -0.5825627435740218,
    -0.9380427720529021,
    -1.0144635548917724,
    -1.2000001569528758,
    -1.2838409523681895,
    -1.215955657281809,
    -1.197994861691707,
    -1.072868869865457,
    -0.6791425677671433,
    -0.37830646254502215,
    -0.20808968846550563,
    0.21999825396802625,
    0.5814977636815711,
    0.8500148842784088,
    0.8381510662741677,
    1.2340404488540444,
    1.4127805169458443,
    1.627408764659445,
    1.6053343866579832,
    1.3819630507142366,
    1.396854533994581,
    1.3477672704693018,
    1.1856711445564563,
    0.7985965779699545,
    0.5737016549846984,
    0.37756745497056293,
    0.030607339747450987,
    -0.22852435917854264,
    -0.5919233995926688,
    -0.7500461903115488,
    -1.0249074142077141,
    -1.2072668045574098,
    -1.4220827807781846,
    -1.4154662149445558,
    -1.5821076314503406,
    -1.474158960747942,
    -1.396362002631198
  ],
  "uncertainty": [
    1.0,
    0.12369363024495289,
    0.03545949151335262,
    0.035512902194880805,
    0.03550965448810581,
    0.03534255123980323,
    0.035339596161813536,
    0.0802834029512611,
    0.03763703649655874,
    0.03537443893389079,
    0.03726935613190606,
    0.0354031918459435,
    0.035344025537092594,
    0.03534099016357724,
    0.035340520764880895,
    0.03534065121547371,
    0.03570834425532274,
    0.0664414837708314,
    0.03612489938119093,
    0.03571511782557171,
    0.039027889167516275,
    0.03536698221332035,
    0.03534131065648173,
    0.035341076852906994,
    0.035388843547254675,
    0.035341736172733264,
    0.035341037674768414,
    0.03534107589032538,
    0.035341228454735044,
    0.03534130739184263,
    0.03534147931690258,
    0.03534164068116023,
    0.035341785730850055,
    0.03547163059702357,
    0.035412968206409,
    0.03534307721800864,
    0.0487954163901482,
    0.04371509225383376,
    0.03547051640634702,
    0.03534331924469278
  ],
  "detections": [
    0,
    0,
    1,
    0,
    1,
    0,
    0,
    0,
    0,
    0,
    0,
    0,
    0,
    0,
    0,
    0,
    0,
    0,
    0,
    0,
    0,
    0,
    0,
    0,
    0,
    0,
    0,
    0,
    0,
    0,
    0,
    0,
    0,
    0,
    0,
    0,
    0,
    0,
    0,
    0
  ],