{
  "times": [
    0.0,
    1.0,
    2.0,
    3.0,
    4.0,
    5.0,
    6.0,
    7.0,
    8.0,
    9.0,
    10.0,
    11.0,
    12.0,
    13.0,
    14.0,
    15.0,
    16.0,
    17.0,
    18.0,
    19.0,
    20.0,
    21.0,
    22.0,
    23.0,
    24.0,
    25.0,
    26.0,
    27.0,
    28.0,
    29.0,
    30.0,
    31.0,
    32.0,
    33.0,
    34.0,
    35.0,
    36.0,
    37.0,
    38.0,
    39.0,
    40.0
  ],
  "pos_x": [
    -1.486019000276382,
    -1.1860190666080752,
    -0.8860191329397582,
    -0.6254830614606552,
    -0.6276473651417357,
    -0.5562299768762731,
    -0.36161729539261855,
    -0.0908058328709532,
    0.20726760595895874,
    0.49187656348796577,
    0.7659867383577283,
    1.0400969132274935,
    1.3142070880972374,
    1.4164275341992127,
    1.3826755082908637,
    1.3489234823825147,
    1.2992797561979057,
    1.053638393272757,
    0.8079970303476294,
    0.5623556674225074,
    0.3146607247326044,
    0.019733447452990903,
    -0.2751938298266233,
    -0.5701211071062319,
    -0.8650483843858404,
    -1.0406417100023115,
    -1.2099543013207028,
    -1.379266892639104,
    -1.5485794839575182,
    -1.5277013038122729,
    -1.4721578106416306,
    -1.4166143174709989,
    -1.3610708243003826,
    -1.1629749945535093,
    -0.9152261037519847,
    -0.66747721295046,
    -0.41972832214893974,
    -0.1419751286586165,
    0.1528393349880904,
    0.44765379863479693,
    0.7424682622814924
  ],
  "pos_y": [
    0.002185168763068727,
    0.0019856718995632165,
    0.001786175036057706,
    0.0014687495516690263,
    -0.1044837192351487,
    -0.31525952548250213,
    -0.5404116719881397,
    -0.6643823394214834,
    -0.6733124076186453,
    -0.5818161207878453,
    -0.4598997066637728,
    -0.3379832925397003,
    -0.2160668784156354,
    0.004216073640549203,
    0.3023113616728875,
    0.6004066497052215,
    0.8890614201308974,
    1.0612831400743614,
    1.2335048600178409,
    1.4057265799613203,
    1.568483418790955,
    1.5135479920024657,
    1.4586125652139763,
    1.403677138425487,
    1.3487417116369975,
    1.1107222157947418,
    0.8630667163180626,
    0.6154112168413937,
    0.36775571736472207,
    0.08021252303592782,
    -0.2146008422757631,
    -0.5094142075874591,
    -0.804227572899156,
    -1.00585982241373,
    -1.1750357282236648,
    -1.3442116340336328,
    -1.5133875398435976,
    -1.5393085454614468,
    -1.483770882342606,
    -1.4282332192237497,
    -1.3726955561048844
  ],
  "target_true_x": [
    -2.2,
    -2.133968183159059,
    -1.9803851606945657,
    -1.743867507155819,
    -1.4322338081233894,
    -1.0598898970928725,
    -0.6452484300388708,
    -0.21042972400251445,
    0.2425042857008211,
    0.6838521566026275,
    1.0904215997723794,
    1.4596448867887917,
    1.7633385091063134,
    1.9936350095996795,
    2.1403139901721113,
    2.1990286186635006,
    2.166768019277401,
    2.042320939982455,
    1.8383681925156665,
    1.5538695437284098,
    1.2077478504687669,
    0.8132436300484708,
    0.3827973876309445,
    -0.06623423329033215,
    -0.5071418123054426,
    -0.9260773110837403,
    -1.3140258692979911,
    -1.6429581082557454,
    -1.9063971760518752,
    -2.0904290191070336,
    -2.185767308083585,
    -2.1907335807565156,
    -2.1038005200622942,
    -1.92876443605302,
    -1.6702737198348627,
    -1.3427338782590366,
    -0.962331920287013,
    -0.5434501663640585,
    -0.10222277602012472,
    0.3418495881765036,
    0.7693760681051903
  ],
  "target_true_y": [
    2.6942229581241775e-16,
    -0.5349577490464323,
    -0.9581621028306013,
    -1.3412405144067747,
    -1.6699420106304217,
    -1.9278572058221688,
    -2.1032485501082303,
    -2.1899130876033017,
    -2.1865936228336382,
    -2.091015597242148,
    -1.910753970230036,
    -1.6460366959674186,
    -1.315536887473219,
    -0.9302792314668142,
    -0.5089754645103582,
    -0.06536921522320138,
    0.3809414005285983,
    0.8178784616978141,
    1.2084710955362905,
    1.5573982923688032,
    1.8388434217431546,
    2.0441709317436216,
    2.166440896960479,
    2.199002734500447,
    2.140749210489531,
    1.995590342203507,
    1.7644647955727706,
    1.4631092421677552,
    1.0980208591558889,
    0.685643140471197,
    0.2498425002137111,
    -0.201708646680644,
    -0.6434464793482207,
    -1.0582380404318665,
    -1.431846954401556,
    -1.7427179152620906,
    -1.9783622709697815,
    -2.1318212675266373,
    -2.197623831337552,
    -2.17327836667638,
    -2.061082352994901
  ],
  "est_x": [
    -1.487269,
    -1.2908956317236209,
    -1.1090034801892952,
    -1.175860486670041,
    -1.0146354544233065,
    -0.8707796408410419,
    -0.40969999528698975,
    -0.2935073174424223,
    0.17760969368879576,
    0.6897518773903798,
    1.0411805674988377,
    1.209194871887466,
    1.3961857717924946,
    1.5245850816401028,
    1.4833016120540023,
    1.4188312078221978,
    1.3373872591741545,
    1.4226687247087575,
    0.9092359061712272,
    0.5769386409059455,
    0.3212081890926596,
    0.09261533092078607,
    -0.2713645507884756,
    -0.5671694895483985,
    -0.8599310257739976,
    -1.0429569507277563,
    -1.2118171544548686,
    -1.3803045346375489,
    -1.5492002457618659,
    -1.5410920171236002,
    -1.4790785851323598,
    -1.4227684523694175,
    -1.3671792192233654,
    -1.1784101760504115,
    -0.9274841209820486,
    -0.6779516707716814,
    -0.4633784786332932,
    -0.4149528538136188,
    0.14905051525720225,
    0.4489926861709773,
    0.650628923007014
  ],
  "est_y": [
    0.002186,
    0.0008645867019092196,
    -0.6256366316376241,
    -0.557673617463477,
    -0.8205871363335575,
    -1.0015237058278241,
    -1.185859397477754,
    -1.282575093166389,
    -1.2228333421048219,
    -1.2176273893807457,
    -1.0955223053699215,
    -0.7174460273856863,
    -0.4019043819998091,
    -0.22512026221794207,
    0.21419278955510307,
    0.5439412514570506,
    0.8750579035114111,
    0.9011308988230049,
    1.2555349674189649,
    1.4084131011878436,
    1.5768972333519913,
    1.5984391471468642,
    1.4634542876443661,
    1.4065436707083934,
    1.3550934146426796,
    1.1217553891076046,
    0.8767454867848469,
    0.6231934364055557,
    0.3756582443330049,
    0.0892069991552985,
    -0.20921608005556683,
    -0.5035728557397735,
    -0.7995235477267982,
    -1.0142249983094238,
    -1.1775893429764799,
    -1.3455686693291709,
    -1.4198734577423981,
    -1.4229750083814197,
    -1.4921300027297872,
    -1.4371858016916481,
    -1.3909420442300766
  ],
  "uncertainty": [
    0.44500000000000006,
    0.12369979288630771,
    0.03545724225969812,
    0.035344964856488775,
    0.03579221317375457,
    0.03534580813167239,
    0.035347261924808006,
    0.0777784078361094,
    0.037832199592290394,
    0.0353793866530714,
    0.03725616957812118,
    0.035403439649828825,
    0.03536503909571441,
    0.03537135449832857,
    0.03537775756616771,
    0.035381560756976065,
    0.03538515467703475,
    0.057844094270999055,
    0.035992010373172935,
    0.03539452165084406,
    0.035389391321430916,
    0.03538654362309078,
    0.035387606420905146,
    0.03538957436549016,
    0.03538602732659986,
    0.035387141109646136,
    0.03538815176864002,
    0.03539041501625276,
    0.035395324341323836,
    0.035397861988309756,
    0.035405487077127804,
    0.03541271405180466,
    0.03541818771776807,
    0.03554206654606798,
    0.03542434234359565,
    0.03542915962033809,
    0.03541799839052685,
    0.15999641774189957,
    0.03570182285696026,
    0.0354242170288789,
    0.04619915390466153
  ],
  "detections": [
    1,
    0,
    1,
    1,
    0,
    1,
    1,
    0,
    1,
    1,
    1,
    1,
    1,
    1,
    1,
    1,
    1,
    0,
    1,
    1,
    1,
    1,
    1,
    1,
    1,
    1,
    1,
    1,
    1,
    1,
    1,
    1,
    1,
    1,
    1,
    1,
    0,
    0,
    1,
    1,
    0
  ],