{
  "times": [
    0.0,
    1.0,
    2.0,
    3.0,
    4.0,
    5.0,
    6.0,
    7.0,
    8.0,
    9.0,
    10.0,
    11.0,
    12.0,
    13.0,
    14.0,
    15.0,
    16.0,
    17.0
  ],
  "pos_x": [
    -1.488041525655167,
    -1.4951795552071132,
    -1.4974515554085246,
    -1.4986985114931322,
    -1.499385667964575,
    -1.4993985791292812,
    -1.4994114067969424,
    -1.499424139020239,
    -1.4994367680061946,
    -1.4994492888358861,
    -1.4994616985059088,
    -1.4994739953511413,
    -1.499486178581006,
    -1.499498248027977,
    -1.5014950416704613,
    -1.5014807569108009,
    -1.501466607082051,
    -1.501452595351177
  ],
  "pos_y": [
    0.003168702453496971,
    0.0040637659456791925,
    0.0023598274736459195,
    0.0014246289904847097,
    -0.0009984668899317738,
    0.0010013329676548898,
    -0.000998823688299001,
    0.0010010460557632593,
    -0.000999054765439944,
    0.001000859724252619,
    -0.0009992053250533041,
    0.0010007378844739216,
    -0.0009993042036540798,
    0.0010006574773482122,
    1.3246228853997562e-06,
    -2.26461848892379e-06,
    1.2581352630263321e-06,
    -2.2556190446213886e-06
  ],
  "target_true_x": [
    -2.2,
    -2.1188223247098583,
    -1.9030231319150317,
    -1.5698008283059461,
    -1.1396661954233842,
    -0.6360405717672736,
    -0.09110086304208224,
    0.45958788655572513,
    0.9837342600518945,
    1.431661512429413,
    1.794877735939835,
    2.054311425358245,
    2.1849033214069817,
    2.179899239357033,
    2.0366498042555423,
    1.761772176798646,
    1.3756567049012989,
    0.8804982782769358
  ],
  "target_true_y": [
    2.6942229581241775e-16,
    -0.5921080613461641,
    -1.1038582152596883,
    -1.5413388204577105,
    -1.8817972693702127,
    -2.1060513742703337,
    -2.198112970880475,
    -2.1514597310968298,
    -1.9678076393794575,
    -1.6704326726415304,
    -1.2721689797458091,
    -0.7872766779491038,
    -0.25728870185987524,
    0.29671418275948447,
    0.8318999788591549,
    1.3176337871571755,
    1.7168484587348127,
    2.0161157660093214
  ],
  "est_x": [
    NaN,
    NaN,
    NaN,
    NaN,
    NaN,
    NaN,
    NaN,
    NaN,
    NaN,
    NaN,
    NaN,
    NaN,
    NaN,
    NaN,
    NaN,
    NaN,
    NaN,
    NaN
  ],
  "est_y": [
    NaN,
    NaN,
    NaN,
    NaN,
    NaN,
    NaN,
    NaN,
    NaN,
    NaN,
    NaN,
    NaN,
    NaN,
    NaN,
    NaN,
    NaN,
    NaN,
    NaN,
    NaN
  ],
  "uncertainty": [
    1.0,
    1.0,
    1.0,
    1.0,
    1.0,
    1.0,
    1.0,
    1.0,
    1.0,
    1.0,
    1.0,
    1.0,
    1.0,
    1.0,
    1.0,
    1.0,
    1.0,
    1.0
  ],
  "detections": [
    0,
    0,
    0,
    0,
    0,
    0,
    0,
    0,
    0,
    0,
    0,
    0,
    0,
    0,
    0,
    0,
    0,
    0
  ],
  "frontier_x": [
    -1.8000000000000003,
    -1.8000000000000003,
    -1.8000000000000003,
    -1.8000000000000003,
    -1.8000000000000003,
    -1.8000000000000003,
    -1.8000000000000003,
    -1.8000000000000003,
    -1.8000000000000003,
    -1.8000000000000003,
    -1.8000000000000003,
    -1.8000000000000003,
    -1.8000000000000003,
    -1.8000000000000003,
    -1.8000000000000003,
    -1.8000000000000003,
    -1.8000000000000003,
    -1.8000000000000003
  ],
  "frontier_y": [
    0.40000000000000036,
    0.40000000000000036,
    0.40000000000000036,
    0.40000000000000036,
    -0.3999999999999999,
    0.40000000000000036,
    -0.3999999999999999,
    0.40000000000000036,
    -0.3999999999999999,
    0.40000000000000036,
    -0.3999999999999999,
    0.40000000000000036,
    -0.3999999999999999,
    0.40000000000000036,
    -0.3999999999999999,
    -0.3999999999999999,
    0.40000000000000036,
    -0.3999999999999999
  ],
  "msgs_sent": 177,
  "msgs_received": 177,
  "target_found_time": null
}